fecha_entrada,fecha_entrada_dt,target_wallet,market_id,condition_id,token_id,pregunta,outcome,precio_token_entrada,precio_actual,precio_cierre,pct_cambio,monto_usdc,estado,fecha_cierre_real,pnl_realizado,razon_cierre,tx_hash
2026-06-16,2026-06-16 20:23,0x26437896ed9dfeb2f69765edcafe8fdceaab39ae,1897088,0x2a7a6ab8f4984f1ae82eacd7fb408832a50e63162ac6b98fff1fe094b8e9d3b5,7496871387824498705150337097986995704782987980926026827618928384721521953608,Will Argentina win on 2026-06-16?,Yes,0.635,1.0,1.0,0.5748,20.0,CERRADA,2026-06-17 13:04,11.5,RESOLVED_EXIT,0xca349cfc1a8283f93f42b46db3761e2c23bdc6e917283a8f4272a11283cb1298
2026-06-17,2026-06-17 11:03,0x26437896ed9dfeb2f69765edcafe8fdceaab39ae,2326626,0xa71f817655a1e3388855598499fbe5dbb1f7904a376b7a792869b19279365dc1,77448479315982997241357843394947347179190968409554329389379134623374968524327,Portugal vs. DR Congo: O/U 2.5,Over,0.545,0.0,0.0,-1.0,20.0,CERRADA,2026-06-17 14:37,-20.0,RESOLVED_EXIT,0x364d02cd59ed0cab046d52e32736c6588a25722905c2f85d51f2fdea898fa94a
2026-06-19,2026-06-19 13:06,0x26437896ed9dfeb2f69765edcafe8fdceaab39ae,1897118,0x7ebb07134794576c154f06fbaa1cc61a5292d58e280ce98207977771c0326c27,39108014906147153132558864303811863989716119429482110734018531773663181557097,Will United States win on 2026-06-19?,Yes,0.595,0.9995,0.9995,0.6798,20.0,CERRADA,2026-06-19 16:24,13.6,FAILSAFE_SYNC_EXIT,0x0c0bc1b2e0ec99e16986b3c402697cab075f41fb03c9a54b82a12e29bbe939fd
2026-06-19,2026-06-19 16:24,0x26437896ed9dfeb2f69765edcafe8fdceaab39ae,1897123,0xbc28e92d1fa999e842caf926cff56a580fb477f26d8c44c99aa29beb78062241,40791250908933508853723465614961035896557737979546129504169818299128524475478,Will Morocco win on 2026-06-19?,Yes,0.575,0.845,0.845,0.4696,20.0,CERRADA,2026-06-19 18:39,9.39,FAILSAFE_SYNC_EXIT,0x7b930b54df36ca3817f2f1942974318f1a58cd69a44fabacee57c7a70c0c8094
2026-06-20,2026-06-20 11:03,0x26437896ed9dfeb2f69765edcafe8fdceaab39ae,2543297,0xcf82be61c1d7181c99b6454afcbb188e0abcba20b91de49ffa93097ff9db13cf,22935545290729144434308196525445828829404098473988644165850579852271521281879,Cincinnati Reds vs. New York Yankees,New York Yankees,0.645,0.0,0.0,-1.0,20.0,CERRADA,2026-06-20 16:59,-20.0,RESOLVED_EXIT,0xcbb2b13d6d4a795a17a8fc7b898e326c81b6f3ab39481b2612d8ca4c530b4052
2026-06-21,2026-06-21 20:10,0x26437896ed9dfeb2f69765edcafe8fdceaab39ae,1897188,0x16c981b47490212bbb7d70edcccc419a84ff5771bc85c1b7abae37128975953e,13689393741027779813840434297856122590360803048059505899834082936957632248186,Will Egypt win on 2026-06-21?,Yes,0.605,0.995,0.9995,0.6521,20.0,CERRADA,2026-06-21 22:15,13.04,TARGET_SELL,0x2c4511b1e577a21c6d83041a885198f2c02a4ddbe39d7d6d7e2c31c3ce77c852
2026-06-23,2026-06-23 16:10,0x224a89dbe0db0d6124b335edabd15b3f877da3d5,2645815,0x1be2883a48a38009255774d118ba957883676eba451688a6ab58fc22e19d7761,17270430565933272723676742082202559087200473693926115116056687878949327195447,Houston Astros vs. Toronto Blue Jays: O/U 9.5,Under,0.545,0.545,0.545,0.0,20.0,CERRADA,2026-06-23 16:11,0.0,FAILSAFE_SYNC_EXIT,0xf9622a6aee207977f7c6483dcb0f5edbcac6184d89dd48fa7f1228d439a6583a
2026-06-23,2026-06-23 16:10,0x224a89dbe0db0d6124b335edabd15b3f877da3d5,2323994,0x40e2282a59c796c9ddb71c41988c7f3db484734fbe53972fee0d12ff172ce74c,40630696097426952592444623832110461107667338842225275726567327136539587254666,Spread: England (-1.5),Ghana,0.675,1.0,1.0,0.4815,20.0,CERRADA,2026-06-23 17:43,9.63,RESOLVED_EXIT,0xb012144d12ffadba7af2e06c9d5fe37dd886925056e7adcd2a5691e145333e81
2026-06-23,2026-06-23 16:10,0x224a89dbe0db0d6124b335edabd15b3f877da3d5,2323999,0xa58f9b7082d119b7ef12a65e22ee72513141b023b07a6ce6b81aac52d8e98133,106807307692382815627200050872978699550626819576786153059052954953034113967866,England vs. Ghana: O/U 1.5,Under,0.535,1.0,1.0,0.8692,20.0,CERRADA,2026-06-23 17:43,17.38,RESOLVED_EXIT,0x568f8ed1ec0b0476768ddc319e0a3245d43251b95e03ae520dd6b71ca070b898
2026-06-23,2026-06-23 16:11,0x224a89dbe0db0d6124b335edabd15b3f877da3d5,2323998,0x61e51090cebc3a0c3f050afebcacbd0d14e0b0557acd007ae36339cd18c80463,7181763402668561895638270764370967845869373744487751846515311844378394849752,England vs. Ghana: O/U 0.5,Under,0.201,0.2015,0.2015,0.0025,20.0,CERRADA,2026-06-23 16:12,0.05,FAILSAFE_SYNC_EXIT,0xf0766b98104dc1dff8fc2baae947e7b28d63d4eb48e569e39cfb2191687768f5
2026-06-23,2026-06-23 16:11,0x59151ed846c13dc0f004b856a8be325ad571db2b,1897238,0x17d821a9197f8de3acbb8a0140e70cea9461e95871c58ae7aa9c608d53ad00d0,113575947344702991323223447752604645066262694843576298874524902811228579544185,Will England vs. Ghana end in a draw?,Yes,0.275,0.9995,0.9995,2.6345,20.0,CERRADA,2026-06-23 17:11,52.69,FAILSAFE_SYNC_EXIT,0xd17b4034d1425fa0143b0d03f78d417ab0f873f1715f79a49fe0e897e236e9fa
2026-06-23,2026-06-23 16:11,0x59151ed846c13dc0f004b856a8be325ad571db2b,2323164,0xadedd6d8c3ce576cb6eca7976f0eec15226a169fac6d16ba9a96c6e6cc03202d,83352206725421250593085480868745509133596638485961476825312802194092083151797,Exact Score: England 0 - 0 Ghana?,Yes,0.201,0.4355,0.4355,1.1667,20.0,CERRADA,2026-06-23 16:43,23.33,FAILSAFE_SYNC_EXIT,0xb8d32a0e193cca4a0910b541f0a0feae449d2bf0382c5c17dcb8b6436032843b
2026-06-23,2026-06-23 16:43,0x224a89dbe0db0d6124b335edabd15b3f877da3d5,2581623,0xd1a333e72b4618fee21c080f6761a3998c0cc15b00a45cc2f532e4f0a3f801e0,25606584137422464006732862527571945084607161132675266571732701576906315582907,Houston Astros vs. Toronto Blue Jays,Houston Astros,0.695,1.0,1.0,0.4388,20.0,CERRADA,2026-06-23 19:14,8.78,RESOLVED_EXIT,0xd72d744d014e9d6c4f5cc83e4a79a60dd88d14383944a4fc3b7716463ee714f4
2026-06-23,2026-06-23 16:43,0x224a89dbe0db0d6124b335edabd15b3f877da3d5,2645807,0x8a17e1a9a29061744eba8f5c330a766bd97117e1e740731e4de4bf4559d58a96,45607001451031619404200500562485197435064739747573501264915361000072472565906,Houston Astros vs. Toronto Blue Jays: O/U 10.5,Over,0.47,0.47,0.47,0.0,20.0,CERRADA,2026-06-23 16:43,0.0,FAILSAFE_SYNC_EXIT,0xeec2fe654a55c06e98e7243022bb9b314d4ebe15a25df4275a8efe04cb9d9bc1
2026-06-23,2026-06-23 17:11,0x224a89dbe0db0d6124b335edabd15b3f877da3d5,2323984,0x17a81ab01b9bd20133ddb368368e4fcecde6a0561fdeb2b2ddfbcbc747ee07e9,86897108270356578722883951301817329988478709230732551151583850325975082132968,Spread: Croatia (-1.5),Panama,0.575,1.0,1.0,0.7391,20.0,CERRADA,2026-06-23 20:15,14.78,RESOLVED_EXIT,0x5eac801fc6152b1f7d5810209e93c64a0d1ae3a8ac39f4edbeef1e3a5f062b66
2026-06-23,2026-06-23 17:11,0x224a89dbe0db0d6124b335edabd15b3f877da3d5,2581623,0xd1a333e72b4618fee21c080f6761a3998c0cc15b00a45cc2f532e4f0a3f801e0,4618683990032976858585685771639204010907036345002914423908351356524275228722,Houston Astros vs. Toronto Blue Jays,Toronto Blue Jays,0.235,0.0,0.0,-1.0,20.0,CERRADA,2026-06-23 19:14,-20.0,RESOLVED_EXIT,0x48e3d7c5dabf51ac80c0db57aa6f670e354a9e8d35ce7a204b190f278fe8701a
2026-06-23,2026-06-23 17:11,0x224a89dbe0db0d6124b335edabd15b3f877da3d5,2645794,0xf9e740e9cf0944474231b8c32dee14d0de3c34f15ab9c4fb9dea7d9583645cd9,31921998976848376746974890141190525020712015856403612081068646462358450188277,Spread: Houston Astros (-1.5),Toronto Blue Jays,0.415,0.395,0.395,-0.0482,20.0,CERRADA,2026-06-23 17:12,-0.96,FAILSAFE_SYNC_EXIT,0x6eda54e535d8adc1ac158d8346924546d60b5226c9eb664de4a4f0354fb34acd
2026-06-23,2026-06-23 17:11,0x224a89dbe0db0d6124b335edabd15b3f877da3d5,2645794,0xf9e740e9cf0944474231b8c32dee14d0de3c34f15ab9c4fb9dea7d9583645cd9,108555292443100841431671939776831192084674464830776862179223192911306305898769,Spread: Houston Astros (-1.5),Houston Astros,0.585,0.605,0.605,0.0342,20.0,CERRADA,2026-06-23 17:12,0.68,FAILSAFE_SYNC_EXIT,0x216e757adfd5229cbaaa7427e5ef5a2ed054c27557a5889e5447be330dd6259e
2026-06-23,2026-06-23 17:11,0x224a89dbe0db0d6124b335edabd15b3f877da3d5,2645815,0x1be2883a48a38009255774d118ba957883676eba451688a6ab58fc22e19d7761,17270430565933272723676742082202559087200473693926115116056687878949327195447,Houston Astros vs. Toronto Blue Jays: O/U 9.5,Under,0.615,0.615,0.615,0.0,20.0,CERRADA,2026-06-23 17:12,0.0,FAILSAFE_SYNC_EXIT,0x4430e7c959143e2da76d342acf2cb057ac7d6c86c8e807ca07f5d9827132f63c
2026-06-23,2026-06-23 17:11,0x59151ed846c13dc0f004b856a8be325ad571db2b,1897240,0x66b7ad48448f8846395b8df8edb5f20f99bed8e79928b1b9d2cf3a19d70dbdf8,111239697803361919523803068759725643725914563280609261384832780529311817077235,Will Ghana win on 2026-06-23?,Yes,0.0005,0.0,0.0,-1.0,20.0,CERRADA,2026-06-23 17:43,-20.0,RESOLVED_EXIT,0x4efe7e4ffd999dd183f6b40073dd04c900f6375288029762f441e25e8fc0a80e
2026-06-23,2026-06-23 17:11,0x59151ed846c13dc0f004b856a8be325ad571db2b,1897254,0xe120b5ac48c5e2abdfcb3e34be55567e2ae81caaa87a243e964814ca65e6667e,34999267410182663441586115553518943962188580583548745660828050477474485422496,Will Colombia win on 2026-06-23?,Yes,0.635,1.0,1.0,0.5748,20.0,CERRADA,2026-06-23 23:42,11.5,RESOLVED_EXIT,0x66001d30952eed7c05220319f420643d89f133b0b6a55f35565483b79a098c9d
2026-06-23,2026-06-23 17:43,0x26437896ed9dfeb2f69765edcafe8fdceaab39ae,2581637,0x002e73c0245559a035deb8aeea455644f25ca029190d5e9e8ecb2fddbf941d0a,12013197048455776737050503867318279394418430018586319402946646040760792187910,Texas Rangers vs. Miami Marlins,Miami Marlins,0.595,0.975,0.9995,0.6798,20.0,CERRADA,2026-06-23 20:42,13.6,TARGET_SELL,0x0057ba6f262d9107679290b892ddda60b89183e9f66d58915ec020dcb1f58587
2026-06-23,2026-06-23 17:43,0x59151ed846c13dc0f004b856a8be325ad571db2b,2323982,0xb75ce108b23868693a623d6d6edadba22267bc5813438186c608eeaaaa85612f,45653631807648930783624052562914989404554982918800292037606224801597345988221,Colombia vs. DR Congo: Both Teams to Score,No,0.575,0.9995,0.9995,0.7383,20.0,CERRADA,2026-06-23 23:16,14.77,FAILSAFE_SYNC_EXIT,0x76a8dd8f26d40d792faa9866580a2b326d823d0d649e99d7906c1a9d66f855a0
2026-06-23,2026-06-23 18:13,0x224a89dbe0db0d6124b335edabd15b3f877da3d5,2648994,0xc0baab94b70ad1c2782c81bbe1336ab32b0057050cf3ff50ff11a2ed878dea30,6905108313616768747514747803192214240291153435772350145382808826444016476424,Texas Rangers vs. Miami Marlins: O/U 7.5,Under,0.425,0.465,0.465,0.0941,20.0,CERRADA,2026-06-23 18:14,1.88,FAILSAFE_SYNC_EXIT,0x63abc0b8f705d43fe18d4bb8306da6edf20ae9dfaf51f4c35445d07b0db76123
2026-06-23,2026-06-23 18:14,0x224a89dbe0db0d6124b335edabd15b3f877da3d5,2647639,0xe901129bb3629cb4ba367890d24e195c233fef0a9877ef2f786f51fd7c64440f,108727345889905933611933289228890227189542592808242192345069422379298410551745,Texas Rangers vs. Miami Marlins: O/U 8.5,Under,0.43,0.43,0.43,0.0,20.0,CERRADA,2026-06-23 18:14,0.0,FAILSAFE_SYNC_EXIT,0x8d48adf58ad55c6bbbfc9f601d2761037f14db9154f9101bc6c1c0b164a0c12e
2026-06-23,2026-06-23 18:45,0x224a89dbe0db0d6124b335edabd15b3f877da3d5,2581645,0xda6877018e52e9624d651fc905ec01b9e5b86eb25c8ea03fdd3fa3027ddcf803,20932692218291489400091033619774854233676382685037580281396578014521971269681,Milwaukee Brewers vs. Cincinnati Reds,Milwaukee Brewers,0.465,0.465,0.465,0.0,20.0,CERRADA,2026-06-23 18:47,0.0,FAILSAFE_SYNC_EXIT,0x48f903711ee76655da36d4dfcfe4d79bfdda792f059b16121a882b04aa19b0c7
2026-06-23,2026-06-23 18:46,0x224a89dbe0db0d6124b335edabd15b3f877da3d5,2642998,0x4e03413b9353356dff542d71f96fb8d48dc43c85792fb8e67cc23fd5095201bb,13518491104095902690625336857172554526621785173266514484126577408653050158111,Spread: Milwaukee Brewers (-1.5),Milwaukee Brewers,0.335,0.335,0.335,0.0,20.0,CERRADA,2026-06-23 18:47,0.0,FAILSAFE_SYNC_EXIT,0x018c480c3e1aaf1e625ba3bff82e6fe890cb1bca6554f2a71e86ea463099bf63
2026-06-23,2026-06-23 18:47,0x224a89dbe0db0d6124b335edabd15b3f877da3d5,2323984,0x17a81ab01b9bd20133ddb368368e4fcecde6a0561fdeb2b2ddfbcbc747ee07e9,83292648388652828664327206811320236112874214245314560135586999600089789428166,Spread: Croatia (-1.5),Croatia,0.265,0.0,0.0,-1.0,20.0,CERRADA,2026-06-23 20:15,-20.0,RESOLVED_EXIT,0xdf33493de7b1311c10f06e2be10cd83a57e86fa9c6a47ebff6ef7dd7a8e6c086
2026-06-23,2026-06-23 18:47,0x224a89dbe0db0d6124b335edabd15b3f877da3d5,2642998,0x4e03413b9353356dff542d71f96fb8d48dc43c85792fb8e67cc23fd5095201bb,10905526477132122732959144614077639377448782089694270172988238812139686399791,Spread: Milwaukee Brewers (-1.5),Cincinnati Reds,0.665,0.665,0.665,0.0,20.0,CERRADA,2026-06-23 18:47,0.0,FAILSAFE_SYNC_EXIT,0x85363c4f957a1fd95aec5734af7add421ba1d892471737da7f10be0c8e9eb9ff
2026-06-23,2026-06-23 19:12,0x224a89dbe0db0d6124b335edabd15b3f877da3d5,2581649,0x544254174f990d90d385b3528ed810da1f5433f3461c9b99963f8ae5f29ddea6,61702366221216490601253905631662837930114590570030295472987498019078327136692,Cleveland Guardians vs. Chicago White Sox,Cleveland Guardians,0.485,0.0,0.0,-1.0,20.0,CERRADA,2026-06-23 21:16,-20.0,RESOLVED_EXIT,0x295a7c6f82bb34bf7dd0010517f596dfea0444662c16f6b83bd233d227a2e53b
2026-06-23,2026-06-23 19:43,0x224a89dbe0db0d6124b335edabd15b3f877da3d5,2581645,0xda6877018e52e9624d651fc905ec01b9e5b86eb25c8ea03fdd3fa3027ddcf803,82016389262379330340736621792025745503113502395058931701155883318826172613544,Milwaukee Brewers vs. Cincinnati Reds,Cincinnati Reds,0.495,0.0,0.0,-1.0,20.0,CERRADA,2026-06-23 21:16,-20.0,RESOLVED_EXIT,0x8fffd51702c189d7529b3e290f2a9865b8f345d37c546404bd2740d5c82b089a
2026-06-23,2026-06-23 19:43,0x224a89dbe0db0d6124b335edabd15b3f877da3d5,2581651,0x688e51c726b62d41776250369e93ac09cde1861384740dfa8a2603d89e394cdd,109133077476284903250231998282561821750505048313546784554697626794116782273662,Los Angeles Dodgers vs. Minnesota Twins,Minnesota Twins,0.325,0.305,0.305,-0.0615,20.0,CERRADA,2026-06-23 19:45,-1.23,FAILSAFE_SYNC_EXIT,0x24eb8bd122ce0df46b82eca62fadf51e3a871f779ed16f3c361db33f2fa55872
2026-06-23,2026-06-23 19:43,0x224a89dbe0db0d6124b335edabd15b3f877da3d5,2581649,0x544254174f990d90d385b3528ed810da1f5433f3461c9b99963f8ae5f29ddea6,105234434348780640969570763673773641156829616708539925617905146120217613964021,Cleveland Guardians vs. Chicago White Sox,Chicago White Sox,0.505,1.0,1.0,0.9802,20.0,CERRADA,2026-06-23 21:16,19.6,RESOLVED_EXIT,0x1833b4bd455a96ff034fc0685729784a10f00b6de0fc0d71efffe191f0f8cf2e
2026-06-23,2026-06-23 19:44,0x224a89dbe0db0d6124b335edabd15b3f877da3d5,2643043,0x97f4457f8f5ca23f2ea6791e02619be9ee73dd42e495bf8ec4fc733a5e89bee5,61950718754258656210451491172839872371203664870073039985574582467659182150469,Spread: Los Angeles Dodgers (-1.5),Minnesota Twins,0.425,0.425,0.425,0.0,20.0,CERRADA,2026-06-23 19:45,0.0,FAILSAFE_SYNC_EXIT,0x687ce317bf92d3e3a9ae340c40b18a327653d08219f57b50ffae0dc24ff8bc03
2026-06-23,2026-06-23 19:44,0x224a89dbe0db0d6124b335edabd15b3f877da3d5,2642998,0x4e03413b9353356dff542d71f96fb8d48dc43c85792fb8e67cc23fd5095201bb,10905526477132122732959144614077639377448782089694270172988238812139686399791,Spread: Milwaukee Brewers (-1.5),Cincinnati Reds,0.71,0.71,0.71,0.0,20.0,CERRADA,2026-06-23 19:45,0.0,FAILSAFE_SYNC_EXIT,0x912426e73c0b2f106c2edb5f3955863f1c17cad775fb691dea62f6eb4b795146
2026-06-23,2026-06-23 20:14,0x224a89dbe0db0d6124b335edabd15b3f877da3d5,2581635,0xd7c2a8cfe38d363d71c0e0a369a034f73dd532ddf3e61c00a593914bd5adf4f2,50707958682080645621091932323366286199046167329651610430521723571832847875546,New York Yankees vs. Detroit Tigers,New York Yankees,0.705,1.0,1.0,0.4184,20.0,CERRADA,2026-06-23 21:16,8.37,RESOLVED_EXIT,0x41d60f7c85a4c4e1cc0a22e362153474c36a34367a6224f58a21e1433d7add57
2026-06-23,2026-06-23 20:14,0x224a89dbe0db0d6124b335edabd15b3f877da3d5,2581651,0x688e51c726b62d41776250369e93ac09cde1861384740dfa8a2603d89e394cdd,109133077476284903250231998282561821750505048313546784554697626794116782273662,Los Angeles Dodgers vs. Minnesota Twins,Minnesota Twins,0.385,0.0,0.0,-1.0,20.0,CERRADA,2026-06-23 22:44,-20.0,RESOLVED_EXIT,0x11d71df78f4dfef4930aba4e1a96c7527f8f732f6235c8337d3c1964ed2c390a
2026-06-23,2026-06-23 20:14,0x224a89dbe0db0d6124b335edabd15b3f877da3d5,2643284,0xdca3ade621b5a31b1500bc208f47ec893c996f5e82aaa1156e47485603b01491,86790352851246232575266488480142592297124364011946980599027797795121108786568,Boston Red Sox vs. Colorado Rockies: O/U 10.5,Over,0.525,0.525,0.525,0.0,20.0,CERRADA,2026-06-23 20:15,0.0,FAILSAFE_SYNC_EXIT,0x26fdee85cbfd24d13e5434d71d756d0ef3c42971bf79135c1a73d2cbf8611da6
2026-06-23,2026-06-23 20:14,0x224a89dbe0db0d6124b335edabd15b3f877da3d5,2642998,0x4e03413b9353356dff542d71f96fb8d48dc43c85792fb8e67cc23fd5095201bb,10905526477132122732959144614077639377448782089694270172988238812139686399791,Spread: Milwaukee Brewers (-1.5),Cincinnati Reds,0.58,0.0,0.0,-1.0,20.0,CERRADA,2026-06-23 21:16,-20.0,RESOLVED_EXIT,0x638fb1c7504a57664d17b40a7c6310d63d49675bb5e5ed3ad79416c15b1420b5
2026-06-23,2026-06-23 20:15,0x224a89dbe0db0d6124b335edabd15b3f877da3d5,2581653,0x999712f75732a392a6f2ba013db3775d8f7a1b4095004588abe02ffade52ce0d,100401132484867003295304126774708484750199740487182283050247396944254409769674,Arizona Diamondbacks vs. St. Louis Cardinals,Arizona Diamondbacks,0.345,0.345,0.345,0.0,20.0,CERRADA,2026-06-23 20:15,0.0,FAILSAFE_SYNC_EXIT,0x194ec9a03928d0b91719f6ac5dcc0c23bb1a67a8c31b538fb12f2e65c6b0e2b6
2026-06-23,2026-06-23 20:42,0x26437896ed9dfeb2f69765edcafe8fdceaab39ae,2581659,0x1cd9ef1839a80ef347028d0584e2fc248708c73229919bc6cca3f5a90e501738,29873518814216628986641992419164917896397387017107041369974699049641218987467,Atlanta Braves vs. San Diego Padres,Atlanta Braves,0.495,0.0,0.0,-1.0,20.0,CERRADA,2026-06-24 00:12,-20.0,RESOLVED_EXIT,0xbcc031f47b13416e75491ea16b97b548fe44de03084eed8206ce963659420b42
2026-06-23,2026-06-23 20:42,0x224a89dbe0db0d6124b335edabd15b3f877da3d5,2581655,0xb74483c33ae08dd756abaae761e129fb321f4ac7f3b128043e4948983f6e32db,23148383707492283675842769016751744411730520536661720084927073241295401643726,Boston Red Sox vs. Colorado Rockies,Boston Red Sox,0.655,1.0,1.0,0.5267,20.0,CERRADA,2026-06-23 22:44,10.53,RESOLVED_EXIT,0x5a99974c9632ea77e2a694a4535015da4a020acb02b8019b1fe7b2729e5e25bc
2026-06-23,2026-06-23 20:42,0x224a89dbe0db0d6124b335edabd15b3f877da3d5,2643283,0xf06d8b0b675acfb5a72c3de81574d6b4341327313b42dc9d4fe2e1d5ccc3976e,45986393689853317821067026942700500379897059183040702670272599678875216532733,Spread: Boston Red Sox (-1.5),Boston Red Sox,0.53,0.485,0.485,-0.0849,20.0,CERRADA,2026-06-23 20:43,-1.7,FAILSAFE_SYNC_EXIT,0x1ed98c54982b9978b33d32b1d420056c691881df67f369543aca822af4226329
2026-06-23,2026-06-23 21:15,0x224a89dbe0db0d6124b335edabd15b3f877da3d5,2581655,0xb74483c33ae08dd756abaae761e129fb321f4ac7f3b128043e4948983f6e32db,104691321042393634582885150474615372905285038741741080526497276805584723831939,Boston Red Sox vs. Colorado Rockies,Colorado Rockies,0.195,0.0,0.0,-1.0,20.0,CERRADA,2026-06-23 22:44,-20.0,RESOLVED_EXIT,0x383c483328dc8462f7ed7500eb210a0fab97181ba075f9dcee36e8a0d02a7a42
2026-06-23,2026-06-23 21:15,0x224a89dbe0db0d6124b335edabd15b3f877da3d5,2649016,0x58427177ec70d2923c9247cc07fbf9b93fbdfa9b161a6b78c288c843e03c51ab,28491773935306631740740080494063638447579882028732590138292682344177253522926,Spread: Atlanta Braves (-2.5),San Diego Padres,0.485,0.545,0.545,0.1237,20.0,CERRADA,2026-06-23 21:16,2.47,FAILSAFE_SYNC_EXIT,0x113b04a186c0875af65afd938fbbbb1398538f09ff1da2463599a5734d0d3b1b
2026-06-23,2026-06-23 21:45,0x224a89dbe0db0d6124b335edabd15b3f877da3d5,2644188,0xc4ada5fb63f8d6ac0970690f7c6898f1a7bc9b5192b70c01d945f20e3feed0e0,15759774175543263871807410551238901406502039141239195128109302603879706277712,Spread: San Francisco Giants (-1.5),Athletics,0.57,0.555,0.555,-0.0263,20.0,CERRADA,2026-06-23 21:46,-0.53,FAILSAFE_SYNC_EXIT,0x5da723fe4b0545ea7a9ee4d73ad6272b84229b1f5ad3a00a12c8bdbf84d9e322
2026-06-23,2026-06-23 21:45,0x224a89dbe0db0d6124b335edabd15b3f877da3d5,2581661,0xcc9f16579efd6b9f8b157c8ccae7a2d597b24a47602861bc9d74a294ea77c97a,26708001436234775493634230489337395796474326555854546196435365686501469642289,Athletics vs. San Francisco Giants,Athletics,0.335,0.335,0.335,0.0,20.0,CERRADA,2026-06-23 21:46,0.0,FAILSAFE_SYNC_EXIT,0x7d1a530d498ca12b354b7c4eec5c25851007edb3eaaa85f71f31e931525d30e5
2026-06-23,2026-06-23 22:15,0x224a89dbe0db0d6124b335edabd15b3f877da3d5,2581661,0xcc9f16579efd6b9f8b157c8ccae7a2d597b24a47602861bc9d74a294ea77c97a,26708001436234775493634230489337395796474326555854546196435365686501469642289,Athletics vs. San Francisco Giants,Athletics,0.295,0.0,0.0,-1.0,20.0,CERRADA,2026-06-24 00:12,-20.0,RESOLVED_EXIT,0xca971dddcfccaf9aff8f5d733e2cbee3d9eb1a371c966785f02afa65fa8fcdda
2026-06-23,2026-06-23 22:44,0x224a89dbe0db0d6124b335edabd15b3f877da3d5,2649017,0x307f38bce34be75c2612e453ada57311615dc9e490b63f4d6c6d54bf3ef7dd77,19269195968916956256205570862767862516578123091049712360077159202003932003371,Spread: Atlanta Braves (-3.5),San Diego Padres,0.71,0.82,0.82,0.1549,20.0,CERRADA,2026-06-23 22:44,3.1,FAILSAFE_SYNC_EXIT,0x64299151bf4c6d63fa3a7a4dcf2a5718161f4a0ec3c6277fe57f51edf7dac6e1
2026-06-23,2026-06-23 23:16,0x224a89dbe0db0d6124b335edabd15b3f877da3d5,2646779,0x9a1c2d69e76aab50b37193b488743a42b51e0738d7788cc8488c88357cb6a45e,61764033804299924619280935235403301003690834342551559219511695115815260457521,Spread: San Francisco Giants (-2.5),San Francisco Giants,0.145,0.145,0.145,0.0,20.0,CERRADA,2026-06-23 23:16,0.0,FAILSAFE_SYNC_EXIT,0x80a117a848753a4a1f75c83965fad2ca216abec77d873a2e59c527deb4953a6b
2026-06-24,2026-06-24 09:42,0x224a89dbe0db0d6124b335edabd15b3f877da3d5,2647683,0x8409a1f48dbbd22b544778c9c1ca4aeff5e6a72c17ee7d301a443add8667cc1c,65865319792336545015805013740306897864007188830315975589033223655354077354042,Spread: Atlanta Dream (-1.5),Golden State Valkyries,0.485,0.485,0.485,0.0,20.0,CERRADA,2026-06-24 09:43,0.0,FAILSAFE_SYNC_EXIT,0x01ffdaa5c7119aa313e08930e6c20d8cd8584eb2d2ec204ffa04cf587026118c
2026-06-24,2026-06-24 10:11,0x224a89dbe0db0d6124b335edabd15b3f877da3d5,2535652,0x403d31adf2ef9659953cd81fb9a4b816e48dd0bf18f1eaa498248a7acc3cbec6,12202005936332682347498395759157596028105522009256039886849312656331016727997,UFC Fight Night: Julius Walker vs. Abdul-Rakhman Yakhyaev (Light Heavy,Abdul-Rakhman Yakhyaev,0.79,0.79,0.79,0.0,20.0,CERRADA,2026-06-24 10:11,0.0,FAILSAFE_SYNC_EXIT,0xfffaee64c9a9e70016d31e30bd5473ac4c2a118dc2273a28e7f3aed68bd1f8ed
2026-06-24,2026-06-24 11:13,0x224a89dbe0db0d6124b335edabd15b3f877da3d5,2658347,0xb0de6731c61f3619a3718d306bf83d6476592998bb3dbcdac410fb284aef357c,77972363375080643861076401324272534918805774897361844329525203410543226474133,Texas Rangers vs. Miami Marlins: O/U 7.5,Under,0.505,1.0,1.0,0.9802,20.0,CERRADA,2026-06-24 14:14,19.6,RESOLVED_EXIT,0x4e49c93922dc9a483ae5de1194d14d536836dc6a0e431f6821a41e7650b5739a
2026-06-24,2026-06-24 13:42,0x224a89dbe0db0d6124b335edabd15b3f877da3d5,2656926,0xf4940ecf28b4fea5444cd48ec6ee337efc8ec7ccaba4c325941ce6429924e9bd,70412120526344447878092768772471096126304791457634970244505276266240616999431,Philadelphia Phillies vs. Washington Nationals: O/U 9.5,Under,0.505,0.505,0.505,0.0,20.0,CERRADA,2026-06-24 15:43,0.0,FAILSAFE_SYNC_EXIT,0x8528ed40a48daf734e7bd6a46429f7197bc1da073b77e0f48e62ee05bfe9be18
2026-06-24,2026-06-24 14:12,0x224a89dbe0db0d6124b335edabd15b3f877da3d5,1897266,0xfec117e3f24c0ee72f753bb35c743d6248212998c001b400609858caeb3fcc00,6380155061946846356913426201209470072939840139237918417312078266764962793556,Will Canada win on 2026-06-24?,No,0.705,0.695,0.695,-0.0142,20.0,CERRADA,2026-06-24 14:14,-0.28,FAILSAFE_SYNC_EXIT,0xaba66ca3f4127396b315d09be119979d0c1c15e0a8ea39fa7e17f54d6fba51b8
2026-06-24,2026-06-24 14:13,0x224a89dbe0db0d6124b335edabd15b3f877da3d5,2323950,0x211cc9763666374780fb2878ee245a1cb4e27f867ab6caeed579747a5ebacf1f,27692925308594650795910487480512456674887184434508780512898683002090165036123,Spread: Bosnia and Herzegovina (-1.5),Qatar,0.625,0.135,0.135,-0.784,20.0,CERRADA,2026-06-24 14:41,-15.68,STOP_LOSS,0x1e9784095f14165918d8fc819fad30eb05c9b971dfb6e25b8727ef71025ac689
2026-06-24,2026-06-24 16:19,0x26437896ed9dfeb2f69765edcafe8fdceaab39ae,2323945,0x91d4bfc779dfff0dea3a93bae4bfbc582d4e8f60517c03f32b33180e78f31ffe,7792398346608034699398181459476171636450611926273277878138067604008071146510,Morocco vs. Haiti: O/U 2.5,Over,0.585,0.9995,0.9995,0.7085,20.0,CERRADA,2026-06-24 18:20,14.17,TARGET_SELL,0x3a02e75214b73733b4a205f9a26e53efdc99fb3080e0aeec6ab7f1a386edb364
2026-06-24,2026-06-24 16:20,0x224a89dbe0db0d6124b335edabd15b3f877da3d5,2323931,0xde65545dc7aade6f9504049b28487dc6a4fb410c6b7011606640453478f252a1,55738730179015880206024520049344605542293385812516263324815733180663370245015,Spread: Brazil (-2.5),Scotland,0.725,0.645,0.645,-0.1103,20.0,CERRADA,2026-06-24 17:20,-2.21,STOP_LOSS,0x6e6e51c23bf02365b0e9d7cc03dc64a9878536229215b4427d028557ed62a28d
2026-06-24,2026-06-24 16:20,0x224a89dbe0db0d6124b335edabd15b3f877da3d5,2595584,0x47a6744156620245419bc4e33e491a45b54b5b6b550fd58c0c880fd6bc085b7e,40411743539562356360854529086970330956031350557678822939983787200263008761789,Boston Red Sox vs. Colorado Rockies,Boston Red Sox,0.815,0.335,0.335,-0.589,20.0,CERRADA,2026-06-24 16:36,-11.78,STOP_LOSS,0x8203c7a7cd613dee618c7c0676530e6c92f795ff83a85d905cda3ae6e2925076
2026-06-24,2026-06-24 16:21,0x224a89dbe0db0d6124b335edabd15b3f877da3d5,2656835,0xe220de1cc3f1ed25beb79841a6f476d04a9609fd012ce4aff192e621360fabcc,31781722670322915817708686903360745968637815562557429784483428126732923411404,Spread: Cleveland Guardians (-1.5),Chicago White Sox,0.665,0.575,0.575,-0.1353,20.0,CERRADA,2026-06-24 16:22,-2.71,STOP_LOSS,0x8543433606a3aed34e0ec8bcdd3e4926775c0a1b6f9e8e0d8437d5d7269329e7
2026-06-24,2026-06-24 16:21,0x224a89dbe0db0d6124b335edabd15b3f877da3d5,2656850,0xf85bba667fc37b86322e8c063d74a1da1c3e213815053ae208d9893c6458a4b0,22465485097616857755823994904085757211143084485437054851297816093163072771944,Spread: Boston Red Sox (-1.5),Boston Red Sox,0.625,0.625,0.625,0.0,20.0,CERRADA,2026-06-24 16:22,0.0,FAILSAFE_SYNC_EXIT,0xa9e3d12fa3f5130ccda8f6ff42580459b2e676486fa9f4b8ee5f4c88b90a2192
2026-06-24,2026-06-24 16:35,0x224a89dbe0db0d6124b335edabd15b3f877da3d5,2323941,0x0647fb9c25eec2285c37faf59b1666f3e41e17cb0a887fca202cec0d15645dda,89944367123660164406586365571534582102970926409397483705591714091511871441164,Spread: Morocco (-2.5),Haiti,0.685,1.0,1.0,0.4599,20.0,CERRADA,2026-06-24 19:19,9.2,RESOLVED_EXIT,0xd2ae8d03ebe52033387ecdb243ac6b7a2de9a8bde2d061d8e1bcffd4dfe6b32c
2026-06-24,2026-06-24 16:50,0x224a89dbe0db0d6124b335edabd15b3f877da3d5,2595586,0xee10d82d435f8fbda6ba7178b7ce9cc0bcb527d67a49e1c4205a1f25452da1cf,15640282415419796094609309710241780040605671546670301684535997982586091753812,Baltimore Orioles vs. Los Angeles Angels,Baltimore Orioles,0.865,0.865,0.865,0.0,20.0,CERRADA,2026-06-24 16:50,0.0,FAILSAFE_SYNC_EXIT,0x6e36fbcd858bb8c1d8dabdd61f93e62f0ed635e06bbec5540dc095e18cab7119
2026-06-24,2026-06-24 17:05,0x224a89dbe0db0d6124b335edabd15b3f877da3d5,2595586,0xee10d82d435f8fbda6ba7178b7ce9cc0bcb527d67a49e1c4205a1f25452da1cf,15640282415419796094609309710241780040605671546670301684535997982586091753812,Baltimore Orioles vs. Los Angeles Angels,Baltimore Orioles,0.905,0.915,0.915,0.011,20.0,CERRADA,2026-06-24 17:06,0.22,FAILSAFE_SYNC_EXIT,0x32caf433cc205125c096604c69dacac7c8b525f6c5c57c2ae1ad7b253aa8a77c
2026-06-24,2026-06-24 17:19,0x224a89dbe0db0d6124b335edabd15b3f877da3d5,2323929,0x95417e73958d52ff217929ecbd4a55d518254f1f463e0a4c9cfa95c2ecbd57a1,87700864407429557705403602939576179014359261674711750150403165874677904349821,Spread: Brazil (-1.5),Brazil,0.645,0.645,0.645,0.0,20.0,CERRADA,2026-06-24 17:20,0.0,FAILSAFE_SYNC_EXIT,0xfb3bcd095c1d076da34e3173cd66bff61a2ac0bfee664651336850d25be6fc35
2026-06-24,2026-06-24 17:49,0x224a89dbe0db0d6124b335edabd15b3f877da3d5,2656866,0xacbb7b30d8a4b3635e487bb0427c10a2801e4f1fde473b24881819624f923476,29505486618246496020198555993937243966143138477017556719868950632823746175624,Baltimore Orioles vs. Los Angeles Angels: O/U 9.5,Under,0.685,0.735,0.735,0.073,20.0,CERRADA,2026-06-24 17:50,1.46,FAILSAFE_SYNC_EXIT,0x1355968f91ae8057f0157e1edd7890bd636573e15a23011c4c8199f6f956d6d4
2026-06-24,2026-06-24 17:49,0x224a89dbe0db0d6124b335edabd15b3f877da3d5,1897279,0x649bd3dc845f647aa8c9a739ad8de245b853224961afd01127de0071c13f84b3,50614149242929313591189572124941638306898682925276670153640545107446242799779,Will Morocco win on 2026-06-24?,No,0.615,0.415,0.415,-0.3252,20.0,CERRADA,2026-06-24 17:50,-6.5,STOP_LOSS,0x5c716832c64145f269dfbe476fa9fb928cfe3ab6fa2cc4532b704efd72ce70da
2026-06-24,2026-06-24 18:05,0x224a89dbe0db0d6124b335edabd15b3f877da3d5,2323948,0x7a17317fcc09d382db8662a80e147f6575fc1dd831b9512127d1a29713724634,13192816306722220568357793714739244062242193707828987485595975286425008013269,Morocco vs. Haiti: O/U 5.5,Over,0.595,0.585,0.585,-0.0168,20.0,CERRADA,2026-06-24 18:05,-0.34,FAILSAFE_SYNC_EXIT,0x592b14c514f45566f72cf88b0e089a44e8bff849a2e8efdfa49c4684b6431c26
2026-06-24,2026-06-24 18:05,0x224a89dbe0db0d6124b335edabd15b3f877da3d5,2323931,0xde65545dc7aade6f9504049b28487dc6a4fb410c6b7011606640453478f252a1,9747093031047067063540473266261368849347863821009610699834409770334223496886,Spread: Brazil (-2.5),Brazil,0.535,0.535,0.535,0.0,20.0,CERRADA,2026-06-24 18:05,0.0,FAILSAFE_SYNC_EXIT,0x5a65a922a612e1966f4e0b47b1eeb2dd420c7402a6bc4be4c5424782d76b88cf
2026-06-24,2026-06-24 18:05,0x224a89dbe0db0d6124b335edabd15b3f877da3d5,2656881,0xaa1e27321af456cd4258982e4260f4e9010dc1461b5d90b560c8e15041e8cc05,60840663526120363301069941674663606869058284689343756208415831543765268648162,New York Yankees vs. Detroit Tigers: O/U 7.5,Under,0.535,0.595,0.595,0.1121,20.0,CERRADA,2026-06-24 18:05,2.24,FAILSAFE_SYNC_EXIT,0xd7761b7a7a32c6d5e957eaf2685215942053838f463ea482abe8422bfd86ec8d
2026-06-24,2026-06-24 18:21,0x224a89dbe0db0d6124b335edabd15b3f877da3d5,2323935,0x17e6c05bb2fed98c6b436798a2d5af4f492edef66aabce03760e878cd69ec78b,60455391831619872645451840653297408901476720271295612507167856333575178591348,Scotland vs. Brazil: O/U 3.5,Under,0.545,0.355,0.355,-0.3486,20.0,CERRADA,2026-06-24 18:36,-6.97,STOP_LOSS,0x40a7b4897760e98a0c6b2848140f6161b64aae48ec40ccbd685664ae29a05147
2026-06-24,2026-06-24 18:21,0x224a89dbe0db0d6124b335edabd15b3f877da3d5,2656881,0xaa1e27321af456cd4258982e4260f4e9010dc1461b5d90b560c8e15041e8cc05,28360261602159897763869338082648605879986880976106678391808290532466798062391,New York Yankees vs. Detroit Tigers: O/U 7.5,Over,0.595,0.485,0.485,-0.1849,20.0,CERRADA,2026-06-24 18:21,-3.7,STOP_LOSS,0x3b049e7f47cd3972c57c93bc1e6c9c5a690385fa583c34b5baed78f6b3f2f1ca
2026-06-24,2026-06-24 18:35,0x224a89dbe0db0d6124b335edabd15b3f877da3d5,2595588,0xd1b84389768a326c133c297e29b11979fcb2da025ac18ece69cd8cfb7e1ed7c7,11548712042536247724877158511778418313416458993023600082426742677155864085798,New York Yankees vs. Detroit Tigers,New York Yankees,0.585,0.585,0.585,0.0,20.0,CERRADA,2026-06-24 18:36,0.0,FAILSAFE_SYNC_EXIT,0x7fd65451cc2ef82d059a65563cdd5546cd97afcfcb285da25e69e7593aad1bb4
2026-06-24,2026-06-24 18:36,0x224a89dbe0db0d6124b335edabd15b3f877da3d5,2323907,0x865fbcaaeeb4345ba59003bc284bc92e14c19902a46efe5567cf80b8f8f92195,113245549032881431201475076284143794053259375423190635440500503534584783475873,Spread: Korea Republic (-1.5),South Africa,0.665,1.0,1.0,0.5038,20.0,CERRADA,2026-06-24 22:19,10.08,RESOLVED_EXIT,0x1af15434ba711d92e5fc64c37ccbce62d366950eda967f4b7c935db20d28aa1e
2026-06-24,2026-06-24 18:51,0x224a89dbe0db0d6124b335edabd15b3f877da3d5,2656955,0x55c151b2b22575fa4943285ad55dc6bc85353b355eaa4a3de3557df180ea1d19,68558386009407214466887270769776435481828005404619663705113459327727708096717,Spread: Milwaukee Brewers (-1.5),Cincinnati Reds,0.645,0.645,0.645,0.0,20.0,CERRADA,2026-06-24 18:51,0.0,FAILSAFE_SYNC_EXIT,0x1a519b2a6146d002d19737e0491714b34f4a0b33f2d76748e152d1b72e5450db
2026-06-24,2026-06-24 18:51,0x224a89dbe0db0d6124b335edabd15b3f877da3d5,2656880,0x585c8134ac18b6af6546f4041e6398918b82e6109cf1894197dad183e78ff7aa,8827591299666289906342161312423709888707179105535115157919609040539069321795,Spread: Detroit Tigers (-1.5),New York Yankees,0.745,0.725,0.725,-0.0268,20.0,CERRADA,2026-06-24 18:51,-0.54,FAILSAFE_SYNC_EXIT,0xaccd8dd30bc7af8d5a692bd077399bf5b429424ccc8dcf28a1633bd6aa02dd5a
2026-06-24,2026-06-24 18:51,0x224a89dbe0db0d6124b335edabd15b3f877da3d5,2659168,0x1484c2cba67691f44e7cff7438161e12869d9c324dbc75590cdaccb819ef6953,92615067768422974313056963784292129791779074063646738777819914715003564973326,Spread: Los Angeles Dodgers (-1.5),Minnesota Twins,0.56,0.56,0.56,0.0,20.0,CERRADA,2026-06-24 18:51,0.0,FAILSAFE_SYNC_EXIT,0x1d704ee24716b92e6ebe5e35df453fa5a9b0a960b0a7a20c99dcc0d9ca0a4f73
2026-06-24,2026-06-24 18:51,0x224a89dbe0db0d6124b335edabd15b3f877da3d5,2595588,0xd1b84389768a326c133c297e29b11979fcb2da025ac18ece69cd8cfb7e1ed7c7,82742159852057262142653514777999742844740243870563613114664684984460293529468,New York Yankees vs. Detroit Tigers,Detroit Tigers,0.535,0.585,0.585,0.0935,20.0,CERRADA,2026-06-24 18:51,1.87,FAILSAFE_SYNC_EXIT,0x380de27ccff05a3aa9623286b44dc001bc332282a0f204250806b277646e8f43
2026-06-24,2026-06-24 18:51,0x224a89dbe0db0d6124b335edabd15b3f877da3d5,2656940,0x5266db3f45c5e1a54fd208d2e5a8807fb19b802724f3222728f4cbb20d493078,91247878834915027556091512183525396340060522718869412796695918828320745024179,Spread: Toronto Blue Jays (-1.5),Houston Astros,0.635,0.615,0.615,-0.0315,20.0,CERRADA,2026-06-24 18:51,-0.63,FAILSAFE_SYNC_EXIT,0xc081f1a6ea79671c78341d5b7a7d9ee2341b1aa03afe78b15856a60772592b3c
2026-06-24,2026-06-24 19:06,0x224a89dbe0db0d6124b335edabd15b3f877da3d5,2595600,0x45cf145161418406c8671e309aeadbc82e9a51ac95be82bf5f1cf93123ef5c97,17006394120134368554695929727225564575084431606024371505577801525560787865595,Chicago Cubs vs. New York Mets,New York Mets,0.725,0.225,0.225,-0.6897,20.0,CERRADA,2026-06-24 19:19,-13.79,STOP_LOSS,0x8def9eef9b309597f25b82e8a33368249d8b203226a66f31566bf23ca0c157fd
2026-06-24,2026-06-24 19:06,0x224a89dbe0db0d6124b335edabd15b3f877da3d5,2659183,0xa8caa3e9502df14e4c1089dfd1c63e0643395185e5e4745845260bd34b15b3d8,102077404541215023098437925703116823703391301111051548093577811923464687945324,Spread: Arizona Diamondbacks (-1.5),St. Louis Cardinals,0.645,0.665,0.665,0.031,20.0,CERRADA,2026-06-24 19:07,0.62,FAILSAFE_SYNC_EXIT,0x41f75bbea3f1c48f8a24e09a14955da8e63576cfc247fec4e1765ba7bf732d21
2026-06-24,2026-06-24 19:06,0x224a89dbe0db0d6124b335edabd15b3f877da3d5,2595588,0xd1b84389768a326c133c297e29b11979fcb2da025ac18ece69cd8cfb7e1ed7c7,82742159852057262142653514777999742844740243870563613114664684984460293529468,New York Yankees vs. Detroit Tigers,Detroit Tigers,0.525,0.215,0.215,-0.5905,20.0,CERRADA,2026-06-24 19:19,-11.81,STOP_LOSS,0xf4826a66a810440f14287ca4322ad29823514c5aff9d030215a2bbed49ea9e2b
2026-06-24,2026-06-24 19:07,0x224a89dbe0db0d6124b335edabd15b3f877da3d5,2672688,0xc2e24d80e040fd3e94fec1e86d3c1c2ce39c44cc872a10800695b75b32162f41,87322439468887830419777530827660984960007421595430119112596374776523154541708,Spread: New York Yankees (-1.5),Detroit Tigers,0.725,0.735,0.735,0.0138,20.0,CERRADA,2026-06-24 19:07,0.28,FAILSAFE_SYNC_EXIT,0xf0d22ef5056653a9585541925bfb75cd5719134a53caf4454dfd173d11240684
2026-06-24,2026-06-24 19:07,0x224a89dbe0db0d6124b335edabd15b3f877da3d5,2595596,0x36e5cbd61aa5104a9dd756c103a834f09403669797aca2ceb6f44ab29aadb260,105051132720297289989550877998958244046270805097688798484773329987250772111241,Houston Astros vs. Toronto Blue Jays,Toronto Blue Jays,0.535,0.545,0.545,0.0187,20.0,CERRADA,2026-06-24 19:07,0.37,FAILSAFE_SYNC_EXIT,0x50318f6a0440d8a52ecaca990f5e47660128e8a8df456ba623fd1546127bc521
2026-06-24,2026-06-24 19:19,0x224a89dbe0db0d6124b335edabd15b3f877da3d5,2595596,0x36e5cbd61aa5104a9dd756c103a834f09403669797aca2ceb6f44ab29aadb260,105051132720297289989550877998958244046270805097688798484773329987250772111241,Houston Astros vs. Toronto Blue Jays,Toronto Blue Jays,0.575,0.575,0.575,0.0,20.0,CERRADA,2026-06-24 19:19,0.0,FAILSAFE_SYNC_EXIT,0x355fb771dcb5acf785aac1477b54072b625d1ab0367c833a6140ecd2156c0e2f
2026-06-24,2026-06-24 19:35,0x26437896ed9dfeb2f69765edcafe8fdceaab39ae,2595606,0x539f3d8f8bc3c783f01ba385007f2fc07891f7fca78a3467e9e10b487d576a0e,66536046800776205416816818144329531205699474256220066409093795874811185083089,Atlanta Braves vs. San Diego Padres,Atlanta Braves,0.525,0.455,0.455,-0.1333,20.0,CERRADA,2026-06-24 20:36,-2.67,STOP_LOSS,0xc493a3ff6c5445272828ea15e73a19b6e8298e85d416e2adc820a68c5db86b22
2026-06-24,2026-06-24 19:49,0x224a89dbe0db0d6124b335edabd15b3f877da3d5,2595598,0x96a6c6a13291cc65ab14e43344eeeb32f84b7af70c533338e9dc5431e2fb03de,105962861827313634766516821704958085442117820584056703492802650230191956254642,Milwaukee Brewers vs. Cincinnati Reds,Milwaukee Brewers,0.855,0.534,0.534,-0.3754,20.0,CERRADA,2026-06-24 21:36,-7.51,STOP_LOSS,0x8b877d99f73fbbe8a1e3d6c10e185db3c8e34245f0c1dea3ce39606fc917d18a
2026-06-24,2026-06-24 19:50,0x224a89dbe0db0d6124b335edabd15b3f877da3d5,2595604,0x95549cacb5b40e77e08a8c6d9926dd9c858fbeccdecd699c65b1f809976ad838,585431830425890436527027618663979628261928543185575598998123621049365569959,Arizona Diamondbacks vs. St. Louis Cardinals,St. Louis Cardinals,0.555,0.585,0.585,0.0541,20.0,CERRADA,2026-06-24 19:50,1.08,FAILSAFE_SYNC_EXIT,0x34396ac375ff37ab789cee19359752a1c4ace794d4d0a732c49d36c1728e7abd
2026-06-24,2026-06-24 20:07,0x224a89dbe0db0d6124b335edabd15b3f877da3d5,2595604,0x95549cacb5b40e77e08a8c6d9926dd9c858fbeccdecd699c65b1f809976ad838,25621355924292579497282254507420467020676452998224614085888212224268122245110,Arizona Diamondbacks vs. St. Louis Cardinals,Arizona Diamondbacks,0.855,1.0,1.0,0.1696,20.0,CERRADA,2026-06-24 22:06,3.39,RESOLVED_EXIT,0xe3e9546551f630a2e968ed8bd8dbd294d4a38c9edf8a813b25e953ae23a401d4
2026-06-24,2026-06-24 20:07,0x224a89dbe0db0d6124b335edabd15b3f877da3d5,2595600,0x45cf145161418406c8671e309aeadbc82e9a51ac95be82bf5f1cf93123ef5c97,50510671337876351937761038129006815768900356606770486575143640352618132966152,Chicago Cubs vs. New York Mets,Chicago Cubs,0.685,0.695,0.695,0.0146,20.0,CERRADA,2026-06-24 20:08,0.29,FAILSAFE_SYNC_EXIT,0x39c37d73ab615a20c8ac367161782dba16977a4b86e761f2c3511edb50eaa597
2026-06-24,2026-06-24 20:49,0x224a89dbe0db0d6124b335edabd15b3f877da3d5,2659168,0x1484c2cba67691f44e7cff7438161e12869d9c324dbc75590cdaccb819ef6953,92615067768422974313056963784292129791779074063646738777819914715003564973326,Spread: Los Angeles Dodgers (-1.5),Minnesota Twins,0.615,0.665,0.665,0.0813,20.0,CERRADA,2026-06-24 20:49,1.63,FAILSAFE_SYNC_EXIT,0x12fb8d1b78031685364a7c7926de8bc9097a0777cacdca73995b18c03edf146c
2026-06-24,2026-06-24 20:49,0x224a89dbe0db0d6124b335edabd15b3f877da3d5,2595600,0x45cf145161418406c8671e309aeadbc82e9a51ac95be82bf5f1cf93123ef5c97,50510671337876351937761038129006815768900356606770486575143640352618132966152,Chicago Cubs vs. New York Mets,Chicago Cubs,0.915,0.835,0.835,-0.0874,20.0,CERRADA,2026-06-24 20:49,-1.75,FAILSAFE_SYNC_EXIT,0xd035353a3ecb7118475f67d7cfc107375de53ac8ad1b75ac16fd52af4e48824d
2026-06-24,2026-06-24 21:35,0x224a89dbe0db0d6124b335edabd15b3f877da3d5,2502323,0xbf39f62e0b04602350a5a3bed4e293224e70368dca6db854c0827e5c08800697,10914477557493440430884673068040987848723562776652097355784834463453068177101,Atlanta Dream vs. Golden State Valkyries,Golden State Valkyries,0.55,0.55,0.55,0.0,20.0,CERRADA,2026-06-24 21:36,0.0,FAILSAFE_SYNC_EXIT,0x99fb80775279d9e730051b185b093b7ac5aa54f54b9b5a8cc26797d7b9b25fe3
2026-06-25,2026-06-25 08:34,0x224a89dbe0db0d6124b335edabd15b3f877da3d5,2585180,0xf1c20951d3e2748c9a4a653d829495f557e6e101319714d6afea4d80eeee3880,12132278488538115124892221065960588251430353700797418717958918634096835670280,Spread: Netherlands (-3.5),Tunisia,0.695,0.695,0.695,0.0,20.0,CERRADA,2026-06-25 08:34,0.0,FAILSAFE_SYNC_EXIT,0xe29c8aae35193be8a8e25312a198d48f459865f6e722c07e6e9a51ef88b710ce
2026-06-25,2026-06-25 08:48,0x224a89dbe0db0d6124b335edabd15b3f877da3d5,2585180,0xf1c20951d3e2748c9a4a653d829495f557e6e101319714d6afea4d80eeee3880,12132278488538115124892221065960588251430353700797418717958918634096835670280,Spread: Netherlands (-3.5),Tunisia,0.705,0.445,0.445,-0.3688,20.0,CERRADA,2026-06-25 18:20,-7.38,STOP_LOSS,0x1cbcea6400e55c5435cd2cf1b9435c95a53da39251a3388ad9309b61cd817583
2026-06-25,2026-06-25 09:34,0x224a89dbe0db0d6124b335edabd15b3f877da3d5,2671053,0xc82d6ac87a17b4fb7f094a826ac53b5a43b7f9288406289c1a13d8073c45ecc9,94448940071976208808192545277861326527381009834061735388306149219271384594582,Spread: New York Yankees (-1.5),Boston Red Sox,0.545,0.545,0.545,0.0,20.0,CERRADA,2026-06-25 09:34,0.0,FAILSAFE_SYNC_EXIT,0x774df9c5def72291507e3fbe55298cacc90386c63077bf86fd2fa2c86a383cdf
2026-06-25,2026-06-25 10:37,0x224a89dbe0db0d6124b335edabd15b3f877da3d5,2671009,0xf0b5ae5fb18ce33b4f3e0b975027836b777c9d49cc234f69a01fb36bcae91c69,89082855478598728595255618296215524358487572755277745304511447088417029905101,Houston Astros vs. Detroit Tigers: O/U 8.5,Over,0.545,0.545,0.545,0.0,20.0,CERRADA,2026-06-25 10:37,0.0,FAILSAFE_SYNC_EXIT,0xd7d23b73c9b8b901ad999de1cb47907e1a7e480cb81e4afa1a2980e7623d9fcf
2026-06-25,2026-06-25 14:50,0x224a89dbe0db0d6124b335edabd15b3f877da3d5,2323891,0xed716b8f1c6b88b85eec26a59ea13c56a93607703d5d7ae43d7a1057f4d96d7c,114276506135996380833798532758445027980286434669532528355962776701822124393314,Curaçao vs. Côte d'Ivoire: O/U 3.5,Under,0.555,0.555,0.555,0.0,20.0,CERRADA,2026-06-25 14:50,0.0,FAILSAFE_SYNC_EXIT,0x9afc5f2d618978798d705c6221d8d24c029cdb5cab5cf174545bdec6b2f1cc31
2026-06-25,2026-06-25 15:34,0x224a89dbe0db0d6124b335edabd15b3f877da3d5,2606833,0x7122b57616861c549463d47ea07d747118450bcff2c3aa4deaeaf7703c8f01e9,26711656093241100482780108679366943316033312649192362163247802524941313471014,Athletics vs. San Francisco Giants,San Francisco Giants,0.545,0.395,0.395,-0.2752,20.0,CERRADA,2026-06-25 16:06,-5.5,STOP_LOSS,0xca74e5d2cf7fb0ff8ee6364d147ae65c9343396fa5684b6f675c7dd94ff9f7f4
2026-06-25,2026-06-25 16:05,0x224a89dbe0db0d6124b335edabd15b3f877da3d5,2323873,0x55a6455b7ac593b760f63400e43afe3c613d14bb20755b1f3c83039419edcf44,107610272453936162661949306029868981655297907107683202347971860705203146919815,Spread: Japan (-1.5),Sweden,0.755,0.755,0.755,0.0,20.0,CERRADA,2026-06-25 16:06,0.0,FAILSAFE_SYNC_EXIT,0xcd6af94843e8f718a26c76aa181eab4c72293abee188bb41689f8c61f94750b4
2026-06-25,2026-06-25 17:05,0x224a89dbe0db0d6124b335edabd15b3f877da3d5,2606833,0x7122b57616861c549463d47ea07d747118450bcff2c3aa4deaeaf7703c8f01e9,26711656093241100482780108679366943316033312649192362163247802524941313471014,Athletics vs. San Francisco Giants,San Francisco Giants,0.905,0.635,0.635,-0.2983,20.0,CERRADA,2026-06-25 17:22,-5.97,STOP_LOSS,0xfe50a8b1b48a632afb902d5cf6984884a9cc477f36a46d69e3b20492f7ce2b1f
2026-06-25,2026-06-25 17:05,0x224a89dbe0db0d6124b335edabd15b3f877da3d5,2670993,0x223fc0a24be65ca5d903b8f2dd5a404bee9908cea63f8f0a45249922bb34a522,6206841702429737506317565655357687312287632524907959331282977142345248266525,Spread: San Francisco Giants (-1.5),San Francisco Giants,0.725,0.725,0.725,0.0,20.0,CERRADA,2026-06-25 17:05,0.0,FAILSAFE_SYNC_EXIT,0x02e41d574979f1de3071fb797b02e4a93b913362758f53e412decb0ea122ae32
2026-06-25,2026-06-25 17:20,0x224a89dbe0db0d6124b335edabd15b3f877da3d5,2323868,0x44891f73ae7e1a86478ff48e1a060fb60252a419eb2326d8f5ebb66d62896c5f,111575645061611439512386726558827691188886376642859817377266224501832933473247,Tunisia vs. Netherlands: O/U 2.5,Over,0.695,1.0,1.0,0.4388,20.0,CERRADA,2026-06-25 20:19,8.78,RESOLVED_EXIT,0x7d61be4105b823da8c307f89d12500143b8bc9220e30a593d470f5703815477e
2026-06-25,2026-06-25 17:21,0x224a89dbe0db0d6124b335edabd15b3f877da3d5,1897331,0x8f0238f109028445232328dce2ff342cb92207a4e9e0e0dda195f1644655b2ab,43580649192041630868846853121398215094084027662473183988967210758554910292653,Will Sweden win on 2026-06-25?,No,0.7185,0.7165,0.7165,-0.0028,20.0,CERRADA,2026-06-25 17:22,-0.06,FAILSAFE_SYNC_EXIT,0x040dddff40082f30dd218a15729d820fc9331882be74b326163391eb5f037000
2026-06-25,2026-06-25 17:36,0x224a89dbe0db0d6124b335edabd15b3f877da3d5,2672050,0x16d22b5bf54af3696b27fb40f61f134d05e09399d0b2bce6bcc1805aefde897c,902034387916817347175832521311679213153887743784688103558113807073984387702,Chicago Cubs vs. New York Mets: O/U 8.5,Under,0.505,0.415,0.415,-0.1782,20.0,CERRADA,2026-06-25 21:20,-3.56,STOP_LOSS,0xdef7d8fcabc6b60e64937b2b0268efaf122db5543dd59ec430c74e62657ab63d
2026-06-25,2026-06-25 17:48,0x224a89dbe0db0d6124b335edabd15b3f877da3d5,1897331,0x8f0238f109028445232328dce2ff342cb92207a4e9e0e0dda195f1644655b2ab,43580649192041630868846853121398215094084027662473183988967210758554910292653,Will Sweden win on 2026-06-25?,No,0.6995,0.6995,0.6995,0.0,20.0,CERRADA,2026-06-25 17:50,0.0,FAILSAFE_SYNC_EXIT,0x41796a7923b5594f47d13a7eeb552d128871cceac9d619bbe6af101f5639f5f3
2026-06-25,2026-06-25 17:48,0x224a89dbe0db0d6124b335edabd15b3f877da3d5,2323841,0x59a029e4250b18648e06da0168533249e9807af1ac5c7317e25d3e3cdafba03b,91095781563363261900481139103386482802520503733532897218118012835369543874755,Spread: United States (-1.5),Türkiye,0.695,0.9995,0.9995,0.4381,20.0,CERRADA,2026-06-25 23:19,8.76,FAILSAFE_SYNC_EXIT,0x6dbf276a1dc4b5f42f7268c3ecc8a7232d5766159885e3068d2708d94248275e
2026-06-25,2026-06-25 17:49,0x224a89dbe0db0d6124b335edabd15b3f877da3d5,2323880,0x255bd44ab944b139b8bba5881b1e47ae80cd5922ec31ecb498e388885f56f35e,104071170139961140431320623778457576703785425487597061954231607198112861745197,Japan vs. Sweden: O/U 3.5,Under,0.695,0.695,0.695,0.0,20.0,CERRADA,2026-06-25 17:50,0.0,FAILSAFE_SYNC_EXIT,0x68123c248eed1bb053ad1d87b014ce9826adf974316520494f49ecb4f4989389
2026-06-25,2026-06-25 17:50,0x224a89dbe0db0d6124b335edabd15b3f877da3d5,1897354,0x81cef42df3d25aecf0bf7e96c344202e86f447f2f3ba2e4b8eb59f4680efeb22,60859125960065457443472451296632871278502886547106619825150201369935773411562,Will Türkiye win on 2026-06-25?,No,0.755,0.755,0.755,0.0,20.0,CERRADA,2026-06-25 17:50,0.0,FAILSAFE_SYNC_EXIT,0x68dad982ed9a7c001bf8dd343c0b1ad77b083041f16e99a9eb18194ceee87982
2026-06-25,2026-06-25 18:20,0x224a89dbe0db0d6124b335edabd15b3f877da3d5,2676017,0x703867491a5df4028f702f6891c81642372ec937369104f0c8021690fdf71144,108927004957036490782591749346050166675250404026808856882438281491850845331361,Spread: Houston Astros (-1.5),Detroit Tigers,0.665,0.665,0.665,0.0,20.0,CERRADA,2026-06-25 18:20,0.0,FAILSAFE_SYNC_EXIT,0x71c6ddfe54c5423035ec7c44aa3477c55c54bbdf9f24abfd103e7d3da053f708
2026-06-25,2026-06-25 18:20,0x224a89dbe0db0d6124b335edabd15b3f877da3d5,2585180,0xf1c20951d3e2748c9a4a653d829495f557e6e101319714d6afea4d80eeee3880,69624555482452584809008335572195101133985406859104134717382136457583741992057,Spread: Netherlands (-3.5),Netherlands,0.585,0.555,0.555,-0.0513,20.0,CERRADA,2026-06-25 18:20,-1.03,FAILSAFE_SYNC_EXIT,0xf988139a48de534ff3458e5e5f7708fa1777b589117f97cb6cd2fd38e85579b3
2026-06-25,2026-06-25 18:49,0x224a89dbe0db0d6124b335edabd15b3f877da3d5,2513783,0x2be4efc96676e46df840e43961255518f7ab06b041d37231ead0055b239ce1f2,44858300616288489306056858579893837373578419628231491804231321175121175399725,Los Angeles Sparks vs. Toronto Tempo,Toronto Tempo,0.905,0.955,0.955,0.0552,20.0,CERRADA,2026-06-25 18:50,1.1,FAILSAFE_SYNC_EXIT,0x80785fe70f5555dcd53a6a0214dfe4d11ed1eb66d89bfcd2b2274fb5ac32915a
2026-06-25,2026-06-25 19:06,0x224a89dbe0db0d6124b335edabd15b3f877da3d5,2323797,0x624f2df42067bb196e9daa447dd0f44f917987a4fe927357530511461601427d,25804300039316475005670159525874741645263945752820706658455018304021423712807,Spread: Spain (-1.5),Uruguay,0.595,1.0,1.0,0.6807,20.0,CERRADA,2026-06-26 21:35,13.61,RESOLVED_EXIT,0x14dc834c2adb7e082647a222043f4a8de3f4a44b22ebc66dfe30f9413cecff9b
2026-06-25,2026-06-25 19:07,0x224a89dbe0db0d6124b335edabd15b3f877da3d5,2606837,0xb735d67ec0d26547a913e3d29e3336c32b750d21808aa4d9179f3ba1c0e7034b,53067379858160297833205053629610183865795034007118160120271484662096007346109,Philadelphia Phillies vs. Washington Nationals,Washington Nationals,0.905,0.425,0.425,-0.5304,20.0,CERRADA,2026-06-25 20:05,-10.61,STOP_LOSS,0x0f2dfb5e94a91353b39aff486ff03412e4341d3b7994a51cb868dd231bb6ac01
2026-06-25,2026-06-25 19:21,0x224a89dbe0db0d6124b335edabd15b3f877da3d5,2606835,0x1e876a58baa4f74f05fae2c8ec5fd388df4ae0af7d7df3c7e675e9a5cb079421,24890948938117601116837847232295425280124117957675506241570342875835618831126,Houston Astros vs. Detroit Tigers,Houston Astros,0.675,1.0,1.0,0.4815,20.0,CERRADA,2026-06-25 20:35,9.63,RESOLVED_EXIT,0x6aab1faf48f2825237bcb3f2d51d30cedf946779e02fc73cdf5705d8e411e495
2026-06-25,2026-06-25 19:50,0x224a89dbe0db0d6124b335edabd15b3f877da3d5,1897345,0x75d91cd268cec8d688b8a7e543b149700bf45d9f62e9fffa479b18f19a60a63e,71701414241352102562164693841750030754856523813557047064937648663255287733448,Will Paraguay win on 2026-06-25?,No,0.635,0.635,0.635,0.0,20.0,CERRADA,2026-06-25 19:50,0.0,FAILSAFE_SYNC_EXIT,0xa6cd010fa1074583d8c51afb7c80cccf226bdb3d7badb39f1de7a750dabd6079
2026-06-25,2026-06-25 19:50,0x224a89dbe0db0d6124b335edabd15b3f877da3d5,2606841,0x6c30005caa5321f694ca3816ae077627ceb6eefdd96be8f571874ba6f79599ef,100748281220084345213909141613191515390372908485905618335806411799030657087646,New York Yankees vs. Boston Red Sox,New York Yankees,0.655,0.685,0.685,0.0458,20.0,CERRADA,2026-06-25 19:50,0.92,FAILSAFE_SYNC_EXIT,0x75e234f33f734ec86bcea2618c376513aa7c1db92d86549cf108eb7779082925
2026-06-25,2026-06-25 21:20,0x224a89dbe0db0d6124b335edabd15b3f877da3d5,1897356,0x32552863fe8014da2613037970661f0d49f415c86a88cb3d65af7a43395bc4ad,11351859697951031534193329704747483382789005872861046709981786676180376107985,Will United States win on 2026-06-25?,No,0.505,0.9995,0.9995,0.9792,20.0,CERRADA,2026-06-25 23:20,19.58,FAILSAFE_SYNC_EXIT,0xdcb3570ab0d390604a5a1e2b94a0437cc7b8bc41147d3576e922fe807e971244
2026-06-25,2026-06-25 21:34,0x224a89dbe0db0d6124b335edabd15b3f877da3d5,2323847,0xea6df785da68cafd307083843ec34cbdfb73b55d82dc8d35592f15285977ee92,29578901327821095128228583700854331302542829519921931959589890016296778752406,Türkiye vs. United States: O/U 3.5,Over,0.655,0.9995,0.9995,0.526,20.0,CERRADA,2026-06-25 23:20,10.52,FAILSAFE_SYNC_EXIT,0x0c1fd63a89986e2a771ef84eb8054acf790ba71e4c5a633346017df795cd88ea
2026-06-25,2026-06-25 22:05,0x224a89dbe0db0d6124b335edabd15b3f877da3d5,2513786,0x1789913031f9c815f9a0287b896a1dc72b4bbbdb813f566677bcd93de2a929dd,55926026776458419736622953232381047818214136607203704669865324087476738222807,Dallas Wings vs. Las Vegas Aces,Las Vegas Aces,0.86,0.86,0.86,0.0,20.0,CERRADA,2026-06-25 22:05,0.0,FAILSAFE_SYNC_EXIT,0xc07f5f009d7961ceab33d2a2962bf220fee3e30cfa05b948ca6fbb64bbcb59d3
2026-06-26,2026-06-26 08:22,0x224a89dbe0db0d6124b335edabd15b3f877da3d5,2684852,0x31a2bb287be1ce21b88873a69655562c117f4abef9de2ee487a9a3c5b99df26b,105933449576105164979951865656480304420132026739022197892321456126779837974400,Houston Astros vs. Detroit Tigers: O/U 8.5,Over,0.545,0.545,0.545,0.0,20.0,CERRADA,2026-06-26 08:22,0.0,FAILSAFE_SYNC_EXIT,0x70a579d27d2b61508ea1c81d8412ba18d4d41ce7b35fa303823870fbb96a1b43
2026-06-26,2026-06-26 08:22,0x224a89dbe0db0d6124b335edabd15b3f877da3d5,2323820,0x450fd33d3654f8d04724df89031e8a2c94c31bc25c1599ae4f6777f6ca5fbd6f,76261413617625196905726677196035392081592390702782059436998040946913525577346,Spread: Senegal (-2.5),Iraq,0.645,0.265,0.265,-0.5891,20.0,CERRADA,2026-06-26 14:20,-11.78,STOP_LOSS,0xdd3b18d2f82167b06387b50ba5794bd5a3371e0853926f9a5c7ebcde6176d7cc
2026-06-26,2026-06-26 08:22,0x224a89dbe0db0d6124b335edabd15b3f877da3d5,2684858,0xd77880aca0470db35915a0f24235846a5d13a0e26e72831cc6530b4d7a5d7161,30034408746747615084632363471996409973849704070469877910339094862561926625181,Seattle Mariners vs. Cleveland Guardians: O/U 7.5,Over,0.525,0.525,0.525,0.0,20.0,CERRADA,2026-06-26 08:22,0.0,FAILSAFE_SYNC_EXIT,0x706961743608ca2d53b12d59b55205b66090f3de02febbdc8c2c13292cc72810
2026-06-26,2026-06-26 09:35,0x224a89dbe0db0d6124b335edabd15b3f877da3d5,2691374,0x949f73165cd363dc329ceb5b41fff41e59879681df2eb0ebdb1aa7729b5eed9c,77390810483503832878483444947101460342005763178611693564482681441591110518338,Atlanta Braves vs. San Francisco Giants: O/U 7.5,Over,0.585,0.585,0.585,0.0,20.0,CERRADA,2026-06-26 09:35,0.0,FAILSAFE_SYNC_EXIT,0x3e5d2450bfd1c2c4d8b32400b6061c89b7c709d97b07bfa388b16ebd0848fc1d
2026-06-26,2026-06-26 10:49,0x224a89dbe0db0d6124b335edabd15b3f877da3d5,2535590,0x06cdbf082743bba9f19cf42e6f75fec67cdcb111d65b30c8c965ee00c4e666d6,99238285635096937614574979575146890410164684539766173793491826044381142010022,O/U 2.5 Rounds,Under,0.575,0.575,0.575,0.0,20.0,CERRADA,2026-06-26 10:50,0.0,FAILSAFE_SYNC_EXIT,0x9af388969bb29e291c2678477f611d66315013a0d29de15ead88636574bef0ff
2026-06-26,2026-06-26 11:04,0x224a89dbe0db0d6124b335edabd15b3f877da3d5,2535633,0x4a197e4958ec49bec33354628a05c4636c2ae0ab639e4bd32b1654f202ec2d8d,62543376980045829187449783477104566111894540944098814830315814197156144587134,O/U 1.5 Rounds,Over,0.515,0.515,0.515,0.0,20.0,CERRADA,2026-06-26 11:05,0.0,FAILSAFE_SYNC_EXIT,0x41655aa63f8b15bdb4afb280d70ab6b3bda3714bc2d7f90a18f972517269815b
2026-06-26,2026-06-26 13:04,0x224a89dbe0db0d6124b335edabd15b3f877da3d5,2677130,0x0a7310c583f98c25a262a7c34ab4537b2016edf51ae2e35d6b807bebdbc92691,81150123736227568291959676846267541770273537075978569676868967230661925882389,Spread: Washington Mystics (-4.5),Connecticut Sun,0.525,0.535,0.535,0.019,20.0,CERRADA,2026-06-26 13:04,0.38,FAILSAFE_SYNC_EXIT,0x0fe7079ffeacb2126c14d1d2a731f46935125bccd5b48985d658bee657ca97dd
2026-06-26,2026-06-26 13:34,0x224a89dbe0db0d6124b335edabd15b3f877da3d5,1897366,0x09620e07d807241bb41e5cf07d42dfd3e08943ee39e5c93ae3890e3b6164822e,24577773509300358817327680170546846259151744300648018180120742538153285610470,Will France win on 2026-06-26?,Yes,0.705,0.705,0.705,0.0,20.0,CERRADA,2026-06-26 13:35,0.0,FAILSAFE_SYNC_EXIT,0x0146cfc105102e8a27ea971bcab06bfb96a0924af7c8aa034454ee4434ba39b8
2026-06-26,2026-06-26 13:50,0x224a89dbe0db0d6124b335edabd15b3f877da3d5,2323825,0x5fd3de37fb55c6eaa180f343529549296b69b82b58f095aa9794a47fa078f5a8,53145175550664512960330567118737690989451047074063374837797020319259603059042,Senegal vs. Iraq: O/U 3.5,Under,0.565,0.575,0.575,0.0177,20.0,CERRADA,2026-06-26 13:50,0.35,FAILSAFE_SYNC_EXIT,0xab8c99504effa77fbc3dda3ab2df14b8611f824e27f4d7d32076099c7abd1547
2026-06-26,2026-06-26 14:35,0x224a89dbe0db0d6124b335edabd15b3f877da3d5,2684860,0x8249e710309a8b921adfd8cc48e4358ffcce41a9c6cb6260f316c76df4ec8b00,45176131816224417428998046610953853185163624482370063643961294028861777220342,Arizona Diamondbacks vs. Tampa Bay Rays: O/U 8.5,Under,0.515,0.505,0.505,-0.0194,20.0,CERRADA,2026-06-26 14:36,-0.39,FAILSAFE_SYNC_EXIT,0x715a140e9ef128b939b91af3c0285f571aa04e57245a2cdcd5f5c74f90d3fb32
2026-06-26,2026-06-26 14:35,0x224a89dbe0db0d6124b335edabd15b3f877da3d5,2323832,0xd6a9536cb35c7d96420a267622aa934b10468aaf2102a7f672dbb53f5fc2e659,86631250602388706934948898437669222934385795939324494554531063490645902487099,Spread: France (-2.5),Norway,0.635,0.425,0.425,-0.3307,20.0,CERRADA,2026-06-26 14:48,-6.61,STOP_LOSS,0x90ae75cffc5dec960f39b2ff7bb4660d868c3de2dda1e0998986d6321bde7cbf
2026-06-26,2026-06-26 14:48,0x224a89dbe0db0d6124b335edabd15b3f877da3d5,2323832,0xd6a9536cb35c7d96420a267622aa934b10468aaf2102a7f672dbb53f5fc2e659,3761631230971200693931886828784947992209376621087164610605280897489531350394,Spread: France (-2.5),France,0.575,0.575,0.575,0.0,20.0,CERRADA,2026-06-26 14:48,0.0,FAILSAFE_SYNC_EXIT,0x180ffbe74b9e82fd416bd67275908717da748ccffbe37b0a5e5a259416f79490
2026-06-26,2026-06-26 16:48,0x224a89dbe0db0d6124b335edabd15b3f877da3d5,1897383,0xff3744285965810d599d4ac7037760134c349eab25c289c14ba2523320debda7,22409679718242543124090564751848775541879040504396701654345337836138630900193,Will Saudi Arabia win on 2026-06-26?,No,0.625,0.9995,0.9995,0.5992,20.0,CERRADA,2026-06-26 21:20,11.98,FAILSAFE_SYNC_EXIT,0xdfdbcbdfa851298d1330f8f9e17bb8c207cf47e69caecb51dc2d5eac9da381c0
2026-06-26,2026-06-26 17:04,0x224a89dbe0db0d6124b335edabd15b3f877da3d5,2323802,0x362a804b73714b42c4138746ae04b3aa59d564bf821bb47bd028101d1857251a,66128979778225389374950393249115732879611050459445646038227533711161794174570,Uruguay vs. Spain: O/U 2.5,Under,0.535,0.535,0.535,0.0,20.0,CERRADA,2026-06-26 17:05,0.0,FAILSAFE_SYNC_EXIT,0x9461d41269e2cc53a8ff58f9dd929a8fdd1debca9f92baba17db6c18fe4590bb
2026-06-26,2026-06-26 17:04,0x224a89dbe0db0d6124b335edabd15b3f877da3d5,2323782,0xce96b12a687f29fdc247f62712217cd6a98bf16a1efb49aad2799703265572f7,15660219966380727148438667105228140468269823453458191730117704833244988835615,New Zealand vs. Belgium: O/U 4.5,Under,0.615,0.615,0.615,0.0,20.0,CERRADA,2026-06-26 17:05,0.0,FAILSAFE_SYNC_EXIT,0x1b61ffc252756568bfe300d68f8ad783c84d6f288ce01fc4cbcdb0f26bbb5e2b
2026-06-26,2026-06-26 17:05,0x224a89dbe0db0d6124b335edabd15b3f877da3d5,2677292,0x5dbab6dc18351193fd6dc964ac7d351e4665e41af436b8e27d56cc90101cda81,53967832991425038004137536479779302443526429725947323665891482638458735722811,Spread: Chicago Sky (-4.5),Chicago Sky,0.575,1.0,1.0,0.7391,20.0,CERRADA,2026-06-26 21:05,14.78,RESOLVED_EXIT,0xee1e55d7c9994d009c42c4dcc04db39815734171862bcb6f0ab53fe66d17a841
2026-06-26,2026-06-26 17:05,0x224a89dbe0db0d6124b335edabd15b3f877da3d5,2686737,0x324c2dde09ae1d1b25c816a466e631a229b51c9ecbb625f0ea589b1a8c997033,107535165379740797946819507868174634148371688727343225410386797466176740123943,Spread: Chicago Sky (-5.5),Chicago Sky,0.545,1.0,1.0,0.8349,20.0,CERRADA,2026-06-26 21:05,16.7,RESOLVED_EXIT,0xfb43ee442e87b8367567f99525c8a43a19d90d940b0ef788875bd18d24ea1708
2026-06-26,2026-06-26 17:35,0x224a89dbe0db0d6124b335edabd15b3f877da3d5,2323791,0x226d0581746377d6489c09833dd7d76bf80fa54416ebfe29dd5f61c70c6ed1e2,60157040843590520775462997433308212289464027581761385136932049094566057707795,Egypt vs. IR Iran: O/U 2.5,Under,0.665,0.665,0.665,0.0,20.0,CERRADA,2026-06-26 17:36,0.0,FAILSAFE_SYNC_EXIT,0x39a59361c1f3ca478f7480ef6dd725ec44f7c426cba65e54a48ad1f1d7cac431
2026-06-26,2026-06-26 19:04,0x224a89dbe0db0d6124b335edabd15b3f877da3d5,2700571,0x7409f3b28026c27b4160d2a18ccfec6c51d8ac898aa11176a1a14f63496e01b8,71257273750203001585780819255221778000029148410384854269877812431124422349637,Spread: Tampa Bay Rays (-2.5),Arizona Diamondbacks,0.535,0.565,0.565,0.0561,20.0,CERRADA,2026-06-26 19:06,1.12,FAILSAFE_SYNC_EXIT,0xd611099730b83c0cb058b0fd74d21a7a63f0b3ffc98f2f862df796c62617b69e
2026-06-26,2026-06-26 19:04,0x224a89dbe0db0d6124b335edabd15b3f877da3d5,1897397,0x9623b379f3e25ffa6206f8bc7aedeecd67580944645151350e06cb3efd95c090,56768837194981285965222813073611625645493849723072187189036860746451609713977,Will Egypt win on 2026-06-26?,No,0.635,0.995,,0.0,20.0,ABIERTA,,0.0,,0xa3e6777d790058f081a7a128f7610ac3ffeb64a22aad9c81426d07e55d2a34cc
2026-06-26,2026-06-26 19:05,0x224a89dbe0db0d6124b335edabd15b3f877da3d5,2528080,0xfe25b99582c86849afac08e22b231150e21c3d91bd0f6a99d0581f0ba667fd14,101331110869693027174276759148944297739732296320460309391310971607416130888927,PortlandFire vs. Chicago Sky,Chicago Sky,0.87,0.855,0.855,-0.0172,20.0,CERRADA,2026-06-26 19:06,-0.34,FAILSAFE_SYNC_EXIT,0x8b20850e24ae039edf971626b799dffcc96f13d71ac156e5486325e52cb67709
2026-06-26,2026-06-26 19:05,0x224a89dbe0db0d6124b335edabd15b3f877da3d5,2700531,0xc026bd8d273f0964b04b80e264a2587df6c4b50fab8f01641f7402340276b4df,67337529647950911534303781461483072330242638467844670626365921518093005876027,Texas Rangers vs. Toronto Blue Jays: O/U 10.5,Over,0.525,0.525,0.525,0.0,20.0,CERRADA,2026-06-26 19:06,0.0,FAILSAFE_SYNC_EXIT,0xed35b15ee7dfde87c950c33e7f91ad34c0df76b883540245bcb22602e57c9077
2026-06-26,2026-06-26 19:06,0x224a89dbe0db0d6124b335edabd15b3f877da3d5,2323802,0x362a804b73714b42c4138746ae04b3aa59d564bf821bb47bd028101d1857251a,66128979778225389374950393249115732879611050459445646038227533711161794174570,Uruguay vs. Spain: O/U 2.5,Under,0.505,0.9995,0.9995,0.9792,20.0,CERRADA,2026-06-26 21:20,19.58,FAILSAFE_SYNC_EXIT,0xd99bac5c99e7510192da25e81ccec41ad471a99a10c894af31cc28868d633ac6
2026-06-26,2026-06-26 19:22,0x224a89dbe0db0d6124b335edabd15b3f877da3d5,2618033,0xb3d6f987b056ba304a306fda19638b5ad102436bfdcdccab666031088af0e292,41014224160216211887394969103692440964481540706598700435763171061554654546656,Philadelphia Phillies vs. New York Mets,Philadelphia Phillies,0.565,0.55,0.55,-0.0265,20.0,CERRADA,2026-06-26 19:24,-0.53,FAILSAFE_SYNC_EXIT,0x38288406e3eb8500946dfb94712f805a60c2bfd0f56ade073966fd5abea67247
2026-06-26,2026-06-26 19:23,0x224a89dbe0db0d6124b335edabd15b3f877da3d5,2618043,0x3b68a020e662b217497462b3d6d778a3c836c5be1431694b9eaa7b70c3186011,34233827443806390596758612194656197847337386433317420659416506907245589247631,Miami Marlins vs. St. Louis Cardinals,St. Louis Cardinals,0.505,0.185,0.185,-0.6337,20.0,CERRADA,2026-06-26 21:20,-12.67,STOP_LOSS,0x5e1cd0b9eb64e829cdc04501543d413aa1093f8edfc64b9c032aa747b94ef4a1
2026-06-26,2026-06-26 19:23,0x224a89dbe0db0d6124b335edabd15b3f877da3d5,2700571,0x7409f3b28026c27b4160d2a18ccfec6c51d8ac898aa11176a1a14f63496e01b8,71257273750203001585780819255221778000029148410384854269877812431124422349637,Spread: Tampa Bay Rays (-2.5),Arizona Diamondbacks,0.635,0.61,0.61,-0.0394,20.0,CERRADA,2026-06-26 19:24,-0.79,FAILSAFE_SYNC_EXIT,0x3a4aa950a4f1d0ba7bb96245577c47981cefa529462f90c22dbb0120710df819
2026-06-26,2026-06-26 19:36,0x224a89dbe0db0d6124b335edabd15b3f877da3d5,2618041,0x6ff39585b998ab23e4af6df502eed80dc8e07509a9f0ff641208792b730ae48b,80059385099358103423318668197533134956861324077198258756291702618818402291125,Colorado Rockies vs. Minnesota Twins,Minnesota Twins,0.745,0.765,0.765,0.0268,20.0,CERRADA,2026-06-26 19:36,0.54,FAILSAFE_SYNC_EXIT,0x8a9bbd4e2e3a9d7c99a4f820a6fabf679d9069e9d8dd955d8aee5dd5dd5b4b5a
2026-06-26,2026-06-26 19:36,0x224a89dbe0db0d6124b335edabd15b3f877da3d5,2684863,0xe34bfacae2f8ba3c3fadbc497288eb5cda9356b09ff304bb02d3621eec199fa7,54751308768971678778307130499838841810154488199177902471433435959214446218666,Spread: Miami Marlins (-1.5),St. Louis Cardinals,0.63,0.635,0.635,0.0079,20.0,CERRADA,2026-06-26 19:36,0.16,FAILSAFE_SYNC_EXIT,0x822b05ea711ccc16d911b4d096b223d398f871ef97277ee5a55fba43c09994ec
2026-06-26,2026-06-26 19:49,0x224a89dbe0db0d6124b335edabd15b3f877da3d5,2528080,0xfe25b99582c86849afac08e22b231150e21c3d91bd0f6a99d0581f0ba667fd14,101331110869693027174276759148944297739732296320460309391310971607416130888927,PortlandFire vs. Chicago Sky,Chicago Sky,0.785,0.775,0.775,-0.0127,20.0,CERRADA,2026-06-26 19:50,-0.25,FAILSAFE_SYNC_EXIT,0xd1c7c2d7cc664be0066806b2b05cc20b0c87353e88087647e6b833a110c54200
2026-06-26,2026-06-26 20:05,0x224a89dbe0db0d6124b335edabd15b3f877da3d5,2618041,0x6ff39585b998ab23e4af6df502eed80dc8e07509a9f0ff641208792b730ae48b,80059385099358103423318668197533134956861324077198258756291702618818402291125,Colorado Rockies vs. Minnesota Twins,Minnesota Twins,0.915,0.905,0.905,-0.0109,20.0,CERRADA,2026-06-26 20:06,-0.22,FAILSAFE_SYNC_EXIT,0x52dfd83a22f454b0744e0917c9cf1a7eb647aaf5e7cc0482adfef78518603141
2026-06-26,2026-06-26 20:19,0x224a89dbe0db0d6124b335edabd15b3f877da3d5,2618041,0x6ff39585b998ab23e4af6df502eed80dc8e07509a9f0ff641208792b730ae48b,80059385099358103423318668197533134956861324077198258756291702618818402291125,Colorado Rockies vs. Minnesota Twins,Minnesota Twins,0.935,0.925,0.925,-0.0107,20.0,CERRADA,2026-06-26 20:20,-0.21,FAILSAFE_SYNC_EXIT,0xe459fdd6ac17fc3d013aa9fe7dc88a5cf6f4dd7ec308aec53138992d423a27c3
2026-06-26,2026-06-26 20:35,0x224a89dbe0db0d6124b335edabd15b3f877da3d5,2323777,0xd98a7968d1039f08563abf2eba842636cf58030be550d5d3f4548fe9d97f4fbb,85521562884536409753325762134489168964613073995699233410879368697001273349600,Spread: Belgium (-2.5),New Zealand,0.555,0.465,0.465,-0.1622,20.0,CERRADA,2026-06-26 22:36,-3.24,STOP_LOSS,0x51db5a344d7bbadf2f8344037a55cc9a2261fc89edf77a5e0ac047a83d373a81
2026-06-26,2026-06-26 20:35,0x224a89dbe0db0d6124b335edabd15b3f877da3d5,2700890,0xbe28ae01b26a13dcc2ca41b2de39729f4f71c2cb0f2440419877cb81b047ff94,11458672678767416290692746996394030850365186003717977370605258393665822553967,Spread: Minnesota Twins (-4.5),Colorado Rockies,0.5,0.345,0.345,-0.31,20.0,CERRADA,2026-06-26 20:37,-6.2,STOP_LOSS,0x5383b8b9df463ae91d58fb2136ea33cf0f8e9d7e6ac61f6817c74a3810e70e26
2026-06-26,2026-06-26 20:37,0x224a89dbe0db0d6124b335edabd15b3f877da3d5,2684862,0xbeb1eb427fe03b793e13f43b6212fa26362b9d5130103534ce601646273262fb,25227545249532717676653679757362977219975561751634659348922970523544096443557,Colorado Rockies vs. Minnesota Twins: O/U 9.5,Under,0.57,0.57,0.57,0.0,20.0,CERRADA,2026-06-26 20:37,0.0,FAILSAFE_SYNC_EXIT,0x4c123b3bd91f24e6c69f5451fee25d67f877c3bfe3a8de9c3d0825238f34ec67
2026-06-26,2026-06-26 20:49,0x224a89dbe0db0d6124b335edabd15b3f877da3d5,2686908,0xaeae7e0ebbde78aa5a29982372ae3c96c3aa21359f11d92b066832e3dea0b513,12990795921160787627038363869834456171294109783686099030189813909701753756567,Spread: St. Louis Cardinals (-1.5),Miami Marlins,0.75,0.78,0.78,0.04,20.0,CERRADA,2026-06-26 20:50,0.8,FAILSAFE_SYNC_EXIT,0xf36f7c0c3ad18c8b844a47357ead7688a8337a69f669783994f1c46df61cb857
2026-06-26,2026-06-26 21:20,0x224a89dbe0db0d6124b335edabd15b3f877da3d5,2701291,0x930ec6cffebe01dcdb41264e0ed6e1111953dc1d263cfa7c540b1da87e16a3b1,22028741586634539013680680742240300259905260183660354550216430246255027001731,Athletics vs. Los Angeles Angels: O/U 7.5,Under,0.625,0.62,0.62,-0.008,20.0,CERRADA,2026-06-26 21:20,-0.16,FAILSAFE_SYNC_EXIT,0x2df2929f227cb6fd422f5cf89d683b8ee815bca81d510844c01e17e2dda25d0a
2026-06-26,2026-06-26 21:20,0x224a89dbe0db0d6124b335edabd15b3f877da3d5,2701321,0xbfeaee591ec6a877a1b3e70e9ffe9ec3a6ad97573f323c8f9d0bd0707f85a750,91525597080713974476709914276141195131981472641975355717434083113650022280530,Athletics vs. Los Angeles Angels: O/U 6.5,Under,0.51,0.51,0.51,0.0,20.0,CERRADA,2026-06-26 21:20,0.0,FAILSAFE_SYNC_EXIT,0x0bc8e4f7a16f4af517783340c2bd04c3adf3c459baf2f88c6453a2d472523c2a
2026-06-26,2026-06-26 21:49,0x224a89dbe0db0d6124b335edabd15b3f877da3d5,2323570,0xe967b628156e7cc267dbe9c2e80363da99ed1c35a2b449e1c6acef4d8b80c437,98964703121648513189839242422793777890252318806115961713961442365746283226753,Belgium leading at halftime?,Yes,0.675,0.675,0.675,0.0,20.0,CERRADA,2026-06-26 21:50,0.0,FAILSAFE_SYNC_EXIT,0x84f0f78cd468f070bf44b6f24046348400de220ad74065718f4cf6dfbb0fdbfe
2026-06-26,2026-06-26 22:22,0x224a89dbe0db0d6124b335edabd15b3f877da3d5,1897399,0x3984132d5d0c5be60bc0ad1dff63e44197b5f39a6135329490a0a75c0a372f06,58044090113372230814126007095625936908239062144250722833168406366289815556177,Will IR Iran win on 2026-06-26?,No,0.725,0.715,0.715,-0.0138,20.0,CERRADA,2026-06-26 22:22,-0.28,FAILSAFE_SYNC_EXIT,0x916f29e719770d76704737ba6cd41b7f4f338b83369a9d91dc3ae17f8e4428fb
2026-06-26,2026-06-26 22:50,0x224a89dbe0db0d6124b335edabd15b3f877da3d5,2323777,0xd98a7968d1039f08563abf2eba842636cf58030be550d5d3f4548fe9d97f4fbb,15199655422885538869216775944506222854163999909658056791314180222946388831973,Spread: Belgium (-2.5),Belgium,0.505,0.505,0.505,0.0,20.0,CERRADA,2026-06-26 22:50,0.0,FAILSAFE_SYNC_EXIT,0xa33f050e6a6cf61f4fb3c955809046c5159042ab91f7f98983d95b5e14a07a0f
2026-06-26,2026-06-26 23:04,0x224a89dbe0db0d6124b335edabd15b3f877da3d5,2323780,0x62593e7f01f0bfa80fca7689b20e367d48bc8c292e2d0f0a883c18eb6ddc2ebb,30488034368629999070915293350555587148814960773849719813762192431947118498452,New Zealand vs. Belgium: O/U 2.5,Over,0.655,0.655,0.655,0.0,20.0,CERRADA,2026-06-26 23:04,0.0,FAILSAFE_SYNC_EXIT,0x4b2ef6fdd8e367fe8dd47d5050ffc0d274b3c2cf374e4d2a6d15e968f55cae58
